dimension,subgroup,outcome,att,ci_low,ci_high,ntr,n_cohorts
Ownership,Government,Operating margin,0.03357682423953668,0.023474362153691978,0.043679286325381386,403,7
Ownership,Government,Current ratio,-0.08868120722615827,-0.24760315397218258,0.07024073951986604,403,7
Ownership,Government,Net fixed assets,-0.001852086614047628,-0.02231605193456719,0.018611878706471935,402,7
Ownership,Government,Capital expenditures per bed,0.039095361777462326,-0.5494829193258653,0.62767364288079,357,7
Ownership,Government,Net patient revenue per bed,-3.0632386478705707,-13.475037296452598,7.3485600007114575,403,7
Ownership,Government,Operating expenses per bed,-8.251682635595023,-17.519798178454327,1.0164329072642815,415,7
Ownership,Government,Total beds,-5.77715102168396,-7.825628055901863,-3.7286739874660584,435,7
Ownership,Government,OB beds,-0.3949484110988925,-0.5763665750693353,-0.21353024712844973,427,7
Ownership,Government,FTE RNs,-2.1851290976332804,-3.232128625511258,-1.138129569755303,435,7
Ownership,Government,Inpatient days per bed,-17.358890760390082,-22.81886292887692,-11.898918591903243,435,7
Ownership,Government,System membership,0.06836407700654054,0.003305167004244186,0.1334229870088369,85,7
Ownership,Nonprofit,Operating margin,0.04104843581059268,0.031508487506533116,0.05058838411465224,376,7
Ownership,Nonprofit,Current ratio,0.0759595009402435,-0.07048556872856006,0.22240457060904706,375,7
Ownership,Nonprofit,Net fixed assets,-0.01759496648378203,-0.03267475548806778,-0.0025151774794962747,376,7
Ownership,Nonprofit,Capital expenditures per bed,0.2679317171781978,-0.29848980209722337,0.834353236453619,344,7
Ownership,Nonprofit,Net patient revenue per bed,-26.637337641383105,-42.79457769043867,-10.480097592327542,376,7
Ownership,Nonprofit,Operating expenses per bed,-39.55890194420603,-53.737640781228535,-25.380163107183524,388,7
Ownership,Nonprofit,Total beds,-9.116145256132157,-10.928452104678197,-7.303838407586117,417,7
Ownership,Nonprofit,OB beds,-0.9175875868817753,-1.117656847663952,-0.7175183260995988,412,7
Ownership,Nonprofit,FTE RNs,-4.583661373481528,-5.681046911307733,-3.4862758356553227,417,7
Ownership,Nonprofit,Inpatient days per bed,-18.23024735556454,-23.402580438576287,-13.057914272552793,417,7
Ownership,Nonprofit,System membership,0.03795236032144999,0.006171482068189155,0.06973323857471082,191,7
Geographic isolation,Isolated,Operating margin,0.03848074751786941,0.027932394793593582,0.04902910024214524,366,7
Geographic isolation,Isolated,Current ratio,0.017282474585931802,-0.14576201315761328,0.18032696232947687,366,7
Geographic isolation,Isolated,Net fixed assets,-0.0012595429805448157,-0.020132293986425017,0.01761320802533539,364,7
Geographic isolation,Isolated,Capital expenditures per bed,0.9581578056910172,0.36325844995638146,1.5530571614256528,325,7
Geographic isolation,Isolated,Net patient revenue per bed,-2.3701793349856257,-15.260147391653655,10.519788721682405,366,7
Geographic isolation,Isolated,Operating expenses per bed,-16.113894730898608,-27.459476522569894,-4.76831293922732,382,7
Geographic isolation,Isolated,Total beds,-7.654727385293874,-9.326848819797721,-5.982605950790028,408,7
Geographic isolation,Isolated,OB beds,-0.506194329667326,-0.6728516048541827,-0.33953705448046934,402,7
Geographic isolation,Isolated,FTE RNs,-2.3115892273324206,-3.0932011219734648,-1.5299773326913764,408,7
Geographic isolation,Isolated,Inpatient days per bed,-22.77906996182322,-28.437470280170793,-17.12066964347565,408,7
Geographic isolation,Isolated,System membership,0.01619383629476423,-0.02253214980483937,0.05491982239436783,113,7
Geographic isolation,Proximate,Operating margin,0.03466421748924295,0.02565072355505528,0.04367771142343062,431,7
Geographic isolation,Proximate,Current ratio,0.008501130693138586,-0.12826436901295424,0.14526663039923143,430,7
Geographic isolation,Proximate,Net fixed assets,-0.010382405458660152,-0.022753887498062633,0.0019890765807423303,431,7
Geographic isolation,Proximate,Capital expenditures per bed,-0.10205769419769427,-0.6087895736727106,0.404674185277322,392,7
Geographic isolation,Proximate,Net patient revenue per bed,-19.253585720950934,-32.76078563584076,-5.7463858060611095,431,7
Geographic isolation,Proximate,Operating expenses per bed,-28.035961712772995,-40.169625964485284,-15.902297461060707,439,7
Geographic isolation,Proximate,Total beds,-6.44644797953305,-8.603423648367295,-4.289472310698805,467,7
Geographic isolation,Proximate,OB beds,-0.8240744217146765,-1.0391961771024794,-0.6089526663268736,458,7
Geographic isolation,Proximate,FTE RNs,-3.894733883635044,-5.3763781254840985,-2.413089641785989,467,7
Geographic isolation,Proximate,Inpatient days per bed,-14.250836350982004,-18.92535967282848,-9.576313029135527,467,7
Geographic isolation,Proximate,System membership,0.07637948959363663,0.035686456543830604,0.11707252264344267,174,7
Pre-treatment margin,Above median,Operating margin,0.035230156267911844,0.02680360260743171,0.043656709928391976,411,6
Pre-treatment margin,Above median,Current ratio,0.10761645484542462,-0.029131440197532055,0.2443643498883813,410,6
Pre-treatment margin,Above median,Net fixed assets,-0.006557239111950767,-0.02200793528355367,0.008893457059652138,411,6
Pre-treatment margin,Above median,Capital expenditures per bed,0.20551762221003347,-0.326612541731341,0.7376477861514079,381,6
Pre-treatment margin,Above median,Net patient revenue per bed,-1.1568512100283146,-14.714060876201502,12.400358456144874,411,6
Pre-treatment margin,Above median,Operating expenses per bed,-16.886704237353793,-29.21409360002591,-4.559314874681675,415,7
Pre-treatment margin,Above median,Total beds,-7.835743199126456,-10.042216409564125,-5.629269988688787,415,7
Pre-treatment margin,Above median,OB beds,-0.9364299483887729,-1.1641315859336208,-0.708728310843925,409,7
Pre-treatment margin,Above median,FTE RNs,-2.358529952234601,-4.010509208738673,-0.7065506957305281,415,7
Pre-treatment margin,Above median,Inpatient days per bed,-14.936790437938498,-19.298903233067005,-10.574677642809991,415,7
Pre-treatment margin,Above median,System membership,0.02760191158855516,-0.004725854950256517,0.05992967812736684,152,6
Pre-treatment margin,Below median,Operating margin,0.02489047020306356,0.014038141218278406,0.035742799187848714,382,7
Pre-treatment margin,Below median,Current ratio,-0.09793169008487601,-0.2626103853043985,0.06674700513464649,382,7
Pre-treatment margin,Below median,Net fixed assets,0.0023922911994882653,-0.013244159325006636,0.018028741723983166,380,7
Pre-treatment margin,Below median,Capital expenditures per bed,0.5880678613642351,0.04476153441900377,1.1313741883094663,335,7
Pre-treatment margin,Below median,Net patient revenue per bed,-20.03534430139032,-32.30536042690325,-7.765328175877391,382,7
Pre-treatment margin,Below median,Operating expenses per bed,-23.872878294528185,-34.43971172287251,-13.30604486618386,403,7
Pre-treatment margin,Below median,Total beds,-6.6702740154635825,-8.699610794859016,-4.640937236068148,404,7
Pre-treatment margin,Below median,OB beds,-0.3737800844321669,-0.5355979244691347,-0.21196224439519915,397,7
Pre-treatment margin,Below median,FTE RNs,-3.740504597921125,-4.711499370004596,-2.769509825837654,404,7
Pre-treatment margin,Below median,Inpatient days per bed,-20.053378228787565,-26.007072741070495,-14.099683716504638,404,7
Pre-treatment margin,Below median,System membership,0.05636471612693911,0.006595978029873564,0.10613345422400465,111,7
System membership,System,Operating margin,0.03237440330418043,0.02169797385979004,0.043050832748570814,336,7
System membership,System,Current ratio,0.008959626054077905,-0.15789329303340527,0.17581254514156108,335,7
System membership,System,Net fixed assets,-0.01508984440553624,-0.03235569649815083,0.0021760076870783514,334,7
System membership,System,Capital expenditures per bed,0.18394989032199005,-0.4134312234437334,0.7813310040877135,303,7
System membership,System,Net patient revenue per bed,-25.892158749320444,-41.052897520177794,-10.731419978463093,336,7
System membership,System,Operating expenses per bed,-30.862660410851422,-43.52892991531106,-18.196390906391784,348,7
System membership,System,Total beds,-7.591746385851204,-10.023044282328957,-5.160448489373451,369,7
System membership,System,OB beds,-0.7157161824947315,-0.9449350148018102,-0.4864973501876527,365,7
System membership,System,FTE RNs,-3.5803936131001026,-5.122450287108884,-2.0383369390913213,369,7
System membership,System,Inpatient days per bed,-19.71389365781877,-25.02637250714848,-14.401414808489058,369,7
System membership,Independent,Operating margin,0.04608668460785021,0.03519669197454994,0.05697667724115048,297,6
System membership,Independent,Current ratio,0.05676366878789144,-0.11235585258769093,0.2258831901634738,297,6
System membership,Independent,Net fixed assets,-0.009710118471088287,-0.024746789400875227,0.0053265524586986555,297,6
System membership,Independent,Capital expenditures per bed,-0.20868807309956822,-0.8479366773402397,0.4305605311411033,258,6
System membership,Independent,Net patient revenue per bed,-14.569066801690411,-28.960924713636192,-0.17720888974463023,297,6
System membership,Independent,Operating expenses per bed,-26.308412917992506,-40.373177603088465,-12.243648232896547,308,6
System membership,Independent,Total beds,-6.425499425349102,-8.136672860282415,-4.714325990415789,327,6
System membership,Independent,OB beds,-0.6843839098125951,-0.8849502937539829,-0.4838175258712073,324,6
System membership,Independent,FTE RNs,-3.6157688069431653,-4.595012456817315,-2.636525157069016,327,6
System membership,Independent,Inpatient days per bed,-17.035772501544674,-23.001459513868888,-11.07008548922046,327,6
